Soma,Media,Desvio Padr√£o,Min,Max
473349.30014155514,147.921656294236,70.06207519350195,4.242640687119286,360.62445840513925
461119.88836093375,144.0999651127918,73.52812424162735,0.0,360.62445840513925
450796.83646239137,140.8740113944973,76.57361617994182,0.0,360.62445840513925
450796.8364623913,140.87401139449727,76.57361617994182,0.0,360.62445840513925
664238.4325771132,207.57451018034786,55.130689090910806,74.95331880577405,360.62445840513925
664626.6341999845,207.69582318749517,54.968323541552095,74.95331880577405,360.62445840513925
664729.8717900377,207.7280849343868,55.0533199906435,82.02438661763952,360.62445840513925
473358.4925297105,147.92452891553455,66.36603984808185,35.35533905932738,360.62445840513925
473358.4925297105,147.92452891553455,66.36603984808185,35.35533905932738,360.62445840513925
470892.10407693184,147.1537825240412,61.74182821529654,41.01219330881976,359.21024484276614
470892.10407693184,147.1537825240412,61.74182821529654,41.01219330881976,359.21024484276614
470926.0452024288,147.16438912575902,64.32107507063442,38.18376618407357,360.62445840513925
559954.3244877211,174.98572640241284,72.2209766042382,4.242640687119286,360.62445840513925
346302.7176589869,108.21959926843341,60.7266793442527,1.4142135623730951,304.05591591021545
588733.5704820135,183.97924077562922,72.79317486806747,5.656854249492381,360.62445840513925
588733.5704820135,183.97924077562922,72.79317486806747,5.656854249492381,360.62445840513925
617261.7935689848,192.89431049030776,73.37707181380809,5.656854249492381,360.62445840513925
533216.4957707142,166.6301549283482,64.31948990045466,24.041630560342618,360.62445840513925
547397.5222674104,171.06172570856575,62.53603634191586,28.284271247461902,360.62445840513925
518657.1671460832,162.080364733151,66.04029351819047,18.38477631085024,360.62445840513925
388931.3570695991,121.54104908424972,74.11150138473786,0.0,360.62445840513925
547397.5222674104,171.06172570856575,62.53603634191586,28.284271247461902,360.62445840513925
437755.6660969678,136.79864565530244,94.64262013952805,0.0,360.62445840513925
445118.0619026822,139.09939434458818,92.48006571942275,0.0,360.62445840513925
438657.22724298073,137.08038351343149,94.37845781512087,0.0,360.62445840513925
423822.8340804681,132.4446356501463,98.57667409179517,0.0,360.62445840513925
427161.0851944498,133.48783912326556,97.63606256118264,0.0,360.62445840513925
525159.7211058746,164.11241284558582,84.0645883383723,4.242640687119286,360.62445840513925
522860.9169602372,163.39403655007413,83.54511454072613,4.242640687119286,360.62445840513925
525808.8451310038,164.31526410343866,84.3328389929877,5.656854249492381,360.62445840513925
529002.8464616236,165.31338951925736,85.18439353487408,4.242640687119286,360.62445840513925
523534.78972270794,163.60462178834624,83.74171551259377,5.656854249492381,360.62445840513925
477509.91644205677,149.22184888814274,79.99698022834548,0.0,360.62445840513925
477859.22719196294,149.33100849748843,78.81145852522364,0.0,360.62445840513925
478674.521310671,149.5857879095847,79.67864279698011,0.0,360.62445840513925
533216.4957707142,166.6301549283482,64.31948990045466,24.041630560342618,360.62445840513925
457818.40679957374,143.0682521248668,70.72486136561561,0.0,360.62445840513925
457818.40679957374,143.0682521248668,70.72486136561561,0.0,360.62445840513925
465936.6997543765,145.60521867324266,62.33801996067238,41.01219330881976,359.21024484276614
465936.6997543765,145.60521867324266,62.33801996067238,41.01219330881976,359.21024484276614
465001.9045896479,145.31309518426497,65.15262124787269,38.18376618407357,360.62445840513925
306595.13636145636,95.81098011295511,60.35258638654123,0.0,289.9137802864845
337253.8721801427,105.39183505629458,62.89298955143409,0.0,304.05591591021545
337253.8721801427,105.39183505629458,62.89298955143409,0.0,304.05591591021545
577929.6859722643,180.60302686633258,75.14197894132647,5.656854249492381,360.62445840513925
337253.8721801427,105.39183505629458,62.89298955143409,0.0,304.05591591021545
505052.432676054,157.82888521126688,70.57446328502081,0.0,360.62445840513925
379033.27634654986,118.44789885829682,76.1263912421618,0.0,360.62445840513925
379033.27634654986,118.44789885829682,76.1263912421618,0.0,360.62445840513925
411286.53795681184,128.5270431115037,74.8282072166885,0.0,360.62445840513925
532880.6200496505,166.5251937655158,67.87319517016583,0.0,360.62445840513925
427520.2954392926,133.60009232477896,96.02259590617484,0.0,360.62445840513925
424865.8165827183,132.77056768209945,96.76888840749926,0.0,360.62445840513925
411308.4582670286,128.53389320844644,100.37392986567622,0.0,360.62445840513925
424865.8165827183,132.77056768209945,96.76888840749926,0.0,360.62445840513925
445219.17817239184,139.13099317887244,91.03563529360657,0.0,360.62445840513925
514515.6427286735,160.78613835271048,87.0547352668024,0.0,360.62445840513925
516147.64517965214,161.2961391186413,88.11560077063496,0.0,360.62445840513925
511698.52931242634,159.90579041013322,86.65075143679107,0.0,360.62445840513925
512535.03663457,160.1671989483031,87.30596847326468,0.0,360.62445840513925
513031.425594963,160.32232049842594,86.64499112758914,0.0,360.62445840513925
473366.27070430364,147.9269595950949,83.28962889340528,0.0,360.62445840513925
465232.4214003147,145.38513168759835,81.80733491979609,0.0,360.62445840513925
470183.5830821829,146.93236971318217,83.05384160572436,0.0,360.62445840513925
471652.2438667074,147.39132620834604,84.42023559132564,0.0,360.62445840513925
446292.56626623304,139.46642695819781,73.98423164947835,0.0,360.62445840513925
446292.56626623304,139.46642695819781,73.98423164947835,0.0,360.62445840513925
460071.2490044341,143.77226531388567,62.72975227325286,41.01219330881976,359.21024484276614
460071.2490044341,143.77226531388567,62.72975227325286,41.01219330881976,359.21024484276614
458430.76127208135,143.25961289752541,65.80284734493769,38.18376618407357,360.62445840513925
329829.2509776839,103.07164093052623,64.77002676499889,0.0,304.05591591021545
299851.4589892803,93.70358093415008,61.970251291383256,0.0,289.9137802864845
569193.3816907045,177.87293177834516,77.13725176155923,5.656854249492381,360.62445840513925
329829.2509776839,103.07164093052623,64.77002676499889,0.0,304.05591591021545
569193.3816907045,177.87293177834516,77.13725176155923,5.656854249492381,360.62445840513925
402286.48284586944,125.7145258893342,77.04258975832732,0.0,360.62445840513925
370871.8498780947,115.89745308690459,77.8568421397166,0.0,360.62445840513925
520527.4645823216,162.6648326819755,72.41703564973453,0.0,360.62445840513925
386550.528537344,120.79704016792,77.40096046186974,0.0,360.62445840513925
493504.6718324964,154.22020994765512,74.46399591380504,0.0,360.62445840513925
447711.0224692933,139.90969452165416,89.6404416829113,0.0,360.62445840513925
415787.9797258454,129.9337436643267,98.42089101721771,0.0,360.62445840513925
412433.46515589644,128.88545786121765,99.29874355022976,0.0,360.62445840513925
412433.46515589644,128.88545786121765,99.29874355022976,0.0,360.62445840513925
399552.1009230211,124.86003153844409,102.55477664018751,0.0,360.62445840513925
501939.7486252708,156.8561714453971,89.60002046312371,0.0,360.62445840513925
501865.5024132462,156.83296950413944,89.24410250971025,0.0,360.62445840513925
504266.1299353745,157.58316560480452,89.35197244867486,0.0,360.62445840513925
505044.65450146096,157.82645453170656,89.82154756071158,0.0,360.62445840513925
504157.942597853,157.54935706182906,89.84631111322433,0.0,360.62445840513925
458989.37562921864,143.43417988413083,84.22300723209068,0.0,360.62445840513925
463726.99106316856,144.91468470724018,86.8308841222475,0.0,360.62445840513925
455642.63923386275,142.38832476058212,85.77654273969662,0.0,360.62445840513925
447949.3174545531,139.98416170454783,73.81972828705753,0.0,360.62445840513925
447949.3174545531,139.98416170454783,73.81972828705753,0.0,360.62445840513925
457727.8971315819,143.03996785361934,63.38214902624829,32.526911934581186,359.21024484276614
457727.8971315819,143.03996785361934,63.38214902624829,32.526911934581186,359.21024484276614
455999.728158362,142.49991504948812,66.69913318131408,19.79898987322333,360.62445840513925
598478.2090335453,187.0244403229829,77.21636385426991,5.656854249492381,360.62445840513925
299867.0153384664,93.70844229327075,61.97375225019661,0.0,289.9137802864845
598478.2090335453,187.0244403229829,77.21636385426991,5.656854249492381,360.62445840513925
329842.68600652646,103.07583937703951,64.77431318986525,0.0,304.05591591021545
458396.1130398032,143.2487853249385,84.15573103140207,0.0,360.62445840513925
359748.3531032491,112.42136034476535,67.64571831965732,0.0,318.1980515339464
402285.0686323071,125.71408394759597,77.04878043140461,0.0,360.62445840513925
520526.0503687592,162.66439074023725,72.42400467978433,0.0,360.62445840513925
520526.0503687592,162.66439074023725,72.42400467978433,0.0,360.62445840513925
493538.6129579934,154.23081654937295,74.46992938605268,0.0,360.62445840513925
402285.0686323071,125.71408394759597,77.04878043140461,0.0,360.62445840513925
421844.34930670814,131.8263591583463,96.82706120220054,0.0,360.62445840513925
420113.3519063635,131.28542247073858,97.28425506822616,0.0,360.62445840513925
403438.3597924223,126.07448743513197,101.57684372172996,0.0,360.62445840513925
439179.7791542775,137.24368098571173,92.08690612400977,0.0,360.62445840513925
446758.549635035,139.61204676094843,89.93522578344232,0.0,360.62445840513925
498747.8686149947,155.85870894218584,88.87597241029208,0.0,360.62445840513925
503568.9226491246,157.36528832785143,89.76521510023908,0.0,360.62445840513925
506176.7324581405,158.1802288931689,89.84469342874229,0.0,360.62445840513925
502680.7965319543,157.0877489162357,89.72943749366586,0.0,360.62445840513925
508894.1438182405,159.02941994320017,91.27217195717047,0.0,360.62445840513925
457742.0392672056,143.04438727100174,85.30720398368284,0.0,360.62445840513925
456621.27501902496,142.6941484434453,84.80723178184748,0.0,360.62445840513925
473149.18892247934,147.8591215382748,78.17920633345985,0.0,360.62445840513925
476799.98123374546,148.99999413554545,79.20315668492906,0.0,360.62445840513925
470600.776083083,147.06274252596344,65.89187220926559,36.76955262170048,360.62445840513925
470600.776083083,147.06274252596344,65.89187220926559,36.76955262170048,360.62445840513925
469658.90985054255,146.76840932829455,61.341647950166674,42.42640687119285,359.21024484276614
469658.90985054255,146.76840932829455,61.341647950166674,42.42640687119285,359.21024484276614
469794.67435253033,146.81083573516574,63.810148669644924,39.59797974644666,360.62445840513925
375484.3074117745,117.33884606617954,61.43015890104324,11.313708498984761,318.1980515339464
558757.1927071722,174.61162272099133,71.30740204033651,22.627416997969522,360.62445840513925
616331.2410449432,192.60351282654474,72.58183077998929,26.870057685088806,360.62445840513925
312406.13988924737,97.6269187153898,56.95776306517551,8.485281374238571,289.9137802864845
587684.2240187328,183.651320005854,71.96420988142246,24.041630560342618,360.62445840513925
516479.98536680976,161.39999542712806,64.44179841044978,33.941125496954285,360.62445840513925
545131.9521404887,170.3537350439027,60.82988924321494,45.254833995939045,360.62445840513925
545131.9521404887,170.3537350439027,60.82988924321494,45.254833995939045,360.62445840513925
530948.0972166677,165.92128038020866,62.657965112124316,39.59797974644666,360.62445840513925
403629.9857301239,126.13437054066371,71.9612163742425,0.0,360.62445840513925
443691.12041824777,138.65347513070242,91.58111375540095,0.0,360.62445840513925
435300.59135268815,136.03143479771504,94.07857585218326,0.0,360.62445840513925
434394.78756598826,135.74837111437134,94.35148493025916,0.0,360.62445840513925
467515.6691967661,146.0986466239894,84.03099680111306,0.0,360.62445840513925
465474.9590262617,145.46092469570678,84.69146676566609,0.0,360.62445840513925
524483.7270230602,163.90116469470632,83.38313355660574,18.38477631085024,360.62445840513925
523878.44361836463,163.71201363073894,83.37329289388029,18.38477631085024,360.62445840513925
525808.8451310039,164.31526410343872,83.56923541362089,28.284271247461902,360.62445840513925
524155.62947658973,163.7986342114343,82.81925119178965,18.38477631085024,360.62445840513925
518850.9144041282,162.14091075129008,81.99221417758024,19.79898987322333,360.62445840513925
525268.6155501774,164.14644235943044,83.28513424220549,15.556349186104047,360.62445840513925
527423.877019234,164.81996156851062,84.04752907465327,12.727922061357857,360.62445840513925
477106.8655767804,149.09589549274386,79.28002217435865,0.0,360.62445840513925
475573.1509683868,148.6166096776209,76.80858441886355,0.0,360.62445840513925
471176.36100296886,147.24261281342777,65.8230120047313,36.76955262170048,360.62445840513925
471176.36100296886,147.24261281342777,65.8230120047313,36.76955262170048,360.62445840513925
470060.5465022565,146.89392078195516,61.160762338321845,42.42640687119285,359.21024484276614
470060.5465022565,146.89392078195516,61.160762338321845,42.42640687119285,359.21024484276614
470164.49119909084,146.9264034997159,63.628172206882326,39.59797974644666,359.21024484276614
344402.0146311575,107.62562957223672,58.99247925947585,7.0710678118654755,304.05591591021545
559461.471061234,174.83170970663562,71.24476625377255,15.556349186104047,360.62445840513925
559461.471061234,174.83170970663562,71.24476625377255,15.556349186104047,360.62445840513925
588398.4018677311,183.87450058366596,71.86728265600017,16.970562748477143,360.62445840513925
616986.021924322,192.80813185135062,72.42810170777767,18.38477631085024,360.62445840513925
517064.05556806986,161.58251736502183,64.2566406158338,28.284271247461902,360.62445840513925
404135.5670786723,126.29236471208509,71.85296960063438,0.0,360.62445840513925
387544.0135649111,121.10750423903471,72.9565490000191,0.0,360.62445840513925
387544.0135649111,121.10750423903471,72.9565490000191,0.0,360.62445840513925
420667.0165160325,131.45844266126016,70.86102293804524,0.0,360.62445840513925
473407.9900043936,147.93999687637302,82.18189892986624,0.0,360.62445840513925
469359.8036821006,146.67493865065643,83.5483637815617,0.0,360.62445840513925
428951.4795644141,134.04733736387942,95.81623167242749,0.0,360.62445840513925
451354.0366059664,141.0481364393645,89.25442174330874,0.0,360.62445840513925
470446.6268047843,147.0145708764951,83.21658496057141,0.0,360.62445840513925
524632.9265538907,163.94778954809084,83.02621925358834,12.727922061357857,360.62445840513925
522599.28745119815,163.31227732849942,82.41661266109702,12.727922061357857,360.62445840513925
524752.4275999112,163.98513362497226,83.03955766681322,14.142135623730951,360.62445840513925
515989.96036744746,161.24686261482734,80.84497075808117,12.727922061357857,360.62445840513925
521389.427748588,162.93419617143374,82.34657266983703,12.727922061357857,360.62445840513925
521974.20505662926,163.11693908019663,82.94269085553846,12.727922061357857,360.62445840513925
476379.25269893947,148.8685164684186,79.51917295213896,0.0,360.62445840513925
480992.4173394005,150.31013041856266,79.18700181251143,0.0,360.62445840513925
531632.5765808563,166.1351801815176,62.61593522063444,33.941125496954285,360.62445840513925
471491.73062737804,147.34116582105563,65.79183254395782,38.18376618407357,360.62445840513925
471491.73062737804,147.34116582105563,65.79183254395782,38.18376618407357,360.62445840513925
470354.70292323007,146.9858446635094,61.21110678263127,41.01219330881976,359.21024484276614
470354.70292323007,146.9858446635094,61.21110678263127,41.01219330881976,359.21024484276614
470438.1415234101,147.01191922606566,63.68367367676546,39.59797974644666,360.62445840513925
559440.2578577985,174.82508058056203,71.25570336822169,15.556349186104047,360.62445840513925
559440.2578577985,174.82508058056203,71.25570336822169,15.556349186104047,360.62445840513925
312965.46135316597,97.80170667286437,56.91096047225877,5.656854249492381,289.9137802864845
344458.5831736524,107.64330724176638,59.13433039322157,7.0710678118654755,304.05591591021545
387663.5146109316,121.14484831591614,73.0547864295261,0.0,360.62445840513925
387663.5146109316,121.14484831591614,73.0547864295261,0.0,360.62445840513925
545808.6533300842,170.5652041656513,60.78310982855096,39.59797974644666,360.62445840513925
404260.0178721611,126.33125558505034,71.96797977090011,0.0,360.62445840513925
472453.39584979176,147.64168620305992,82.52925425336878,0.0,360.62445840513925
428076.08136930526,133.7737754279079,96.09110410966082,0.0,360.62445840513925
436143.4626358625,136.29483207370703,93.77520994377993,0.0,360.62445840513925
450393.07849033386,140.74783702822933,89.56335639855733,0.0,360.62445840513925
524469.5848874366,163.89674527732393,82.92317611801903,12.727922061357857,360.62445840513925
523679.03950607,163.6496998456469,83.0960482840772,12.727922061357857,360.62445840513925
537771.6776551178,168.05364926722433,87.48469347816652,0.0,360.62445840513925
529246.7983011329,165.389624469104,90.51184621622052,0.0,360.62445840513925
513587.9186317568,160.496224572424,93.4683027381371,0.0,360.62445840513925
513587.9186317568,160.496224572424,93.4683027381371,0.0,360.62445840513925
532995.8784549839,166.56121201718247,83.84271637338087,0.0,360.62445840513925
530041.5863231865,165.63799572599578,84.73544489689661,0.0,360.62445840513925
532404.737185912,166.3764803705975,84.03700207047005,0.0,360.62445840513925
542083.6148067934,169.40112962712294,81.46526349343435,39.59797974644666,360.62445840513925
542083.6148067934,169.40112962712294,81.46526349343435,39.59797974644666,360.62445840513925
531245.0820647661,166.0140881452394,74.24241779336587,36.76955262170048,357.7960312803931
531245.0820647661,166.0140881452394,74.24241779336587,36.76955262170048,357.7960312803931
531704.7014725374,166.15771921016793,77.19402201190842,39.59797974644666,359.21024484276614
704597.2592201165,220.18664350628643,86.89162605041724,0.0,360.62445840513925
348552.0243299413,108.92250760310667,77.83471666744327,0.0,289.9137802864845
348552.0243299413,108.92250760310667,77.83471666744327,0.0,289.9137802864845
639223.1159790766,199.75722374346142,87.55682440452422,0.0,360.62445840513925
386108.5867991024,120.65893337471951,79.71220450392148,0.0,304.05591591021545
481786.498254673,150.55828070458531,85.01950632078086,0.0,360.62445840513925
566012.8153889275,176.87900480903983,84.67359388565997,9.899494936611665,360.62445840513925
481786.498254673,150.55828070458531,85.01950632078086,0.0,360.62445840513925
579436.5305229728,181.073915788429,81.95793884545245,15.556349186104047,360.62445840513925
468174.6927168319,146.30459147400998,84.63269230842799,0.0,360.62445840513925
524732.628610038,163.97894644063686,119.94109022440453,0.0,360.62445840513925
520567.7696688492,162.67742802151537,122.23871384428377,0.0,360.62445840513925
545044.9780064027,170.32655562700086,108.39345464898786,0.0,360.62445840513925
543234.077539784,169.7606492311825,109.48395974460105,0.0,360.62445840513925
550167.9666360993,171.92748957378103,105.36204272700593,0.0,360.62445840513925
582601.5404755638,182.06298139861372,94.2581347179014,0.0,360.62445840513925
586930.4481899879,183.4157650593712,95.3206845807118,0.0,360.62445840513925
590024.040357679,184.3825126117747,95.9379534801986,0.0,360.62445840513925
581595.3275259354,181.74853985185482,94.67478452163887,0.0,360.62445840513925
585186.7228675818,182.8708508961193,95.18184004199172,0.0,360.62445840513925
537936.4335351344,168.1051354797295,93.8629793587003,0.0,360.62445840513925
545105.0820828036,170.34533815087613,94.66389056294736,0.0,360.62445840513925
538516.9682024885,168.28655256327767,94.70645259889734,0.0,360.62445840513925
503534.27441684646,157.3544607552645,90.53799664599346,0.0,360.62445840513925
523625.29939069983,163.6329060595937,86.59933886579151,0.0,360.62445840513925
523625.29939069983,163.6329060595937,86.59933886579151,0.0,360.62445840513925
530808.0900739928,165.87752814812276,74.20827972988427,43.84062043356595,357.7960312803931
530808.0900739928,165.87752814812276,74.20827972988427,43.84062043356595,357.7960312803931
530885.1647131421,165.9016139728569,77.19396802828038,42.42640687119285,359.21024484276614
380320.9177950905,118.85028681096578,81.38276141911857,0.0,304.05591591021545
343436.1067680567,107.32378336501772,79.19889850382233,0.0,289.9137802864845
632045.2750432519,197.51414845101624,89.92191094455191,0.0,360.62445840513925
417241.79126796493,130.38805977123903,83.60175103035701,0.0,318.1980515339464
632045.2750432519,197.51414845101624,89.92191094455191,0.0,360.62445840513925
461422.53006328165,144.19454064477551,86.7699476964357,0.0,360.62445840513925
474695.63145293435,148.34238482904198,87.34236776606427,0.0,360.62445840513925
488013.28056980175,152.50415017806304,88.00667565427521,0.0,360.62445840513925
568986.1994038168,177.80818731369277,86.03152997139334,0.0,360.62445840513925
461422.53006328165,144.19454064477551,86.7699476964357,0.0,360.62445840513925
538875.4713405501,168.3985847939219,109.72388605337626,0.0,360.62445840513925
525882.3842362473,164.33824507382727,117.15922240077683,0.0,360.62445840513925
519858.5415673191,162.45579423978722,120.59908431107561,0.0,360.62445840513925
517143.2515275627,161.60726610236333,122.11121651662441,0.0,360.62445840513925
524825.2595983734,164.0078936244917,117.76557640120232,0.0,360.62445840513925
583588.6615421001,182.37145673190628,98.58904313224885,0.0,360.62445840513925
581767.1544737637,181.80223577305114,97.82576526237821,0.0,360.62445840513925
568936.7019291339,177.79271935285433,96.86234856804364,0.0,360.62445840513925
575883.3189475104,179.96353717109702,97.62850813859234,0.0,360.62445840513925
579699.5742455742,181.15611695174192,97.77466861215535,0.0,360.62445840513925
534376.8579986412,166.99276812457538,97.01202528729002,0.0,360.62445840513925
527894.103028723,164.96690719647594,96.60218358701472,0.0,360.62445840513925
526554.1356783746,164.54816739949206,98.72102887920462,0.0,360.62445840513925
525540.8516609343,164.23151614404196,96.52588810147927,0.0,360.62445840513925
503534.27441684646,157.3544607552645,90.53799664599346,0.0,360.62445840513925
503534.27441684646,157.3544607552645,90.53799664599346,0.0,360.62445840513925
523357.3059206301,163.5491581001969,74.25996299128353,43.84062043356595,357.7960312803931
523357.3059206301,163.5491581001969,74.25996299128353,43.84062043356595,357.7960312803931
522493.2214340202,163.27913169813132,77.4875050130942,42.42640687119285,359.21024484276614
650449.1432371943,203.26535726162322,91.63100682795475,0.0,360.62445840513925
332805.4634196981,104.00170731865566,80.34223982317576,0.0,289.9137802864845
683480.2223067614,213.58756947086295,90.85453868013033,0.0,360.62445840513925
404630.5418255029,126.44704432046964,85.39213214703793,0.0,318.1980515339464
616838.236607054,192.76194893970438,92.3135804457654,0.0,360.62445840513925
552147.8656234216,172.54620800731925,89.70659296308673,0.0,360.62445840513925
539837.843669745,168.69932614679533,91.70898869585898,0.0,360.62445840513925
460761.3852228722,143.98793288214756,89.63513208043024,0.0,360.62445840513925
447882.8494171216,139.9633904428505,88.91612598815914,0.0,360.62445840513925
539837.843669745,168.69932614679533,91.70898869585898,0.0,360.62445840513925
521630.55116097257,163.00954723780393,111.85964214396617,0.0,360.62445840513925
499185.5677125492,155.9954899101716,123.77774475419862,0.0,360.62445840513925
504376.43859323964,157.61763706038738,121.05910302410142,0.0,360.62445840513925
514507.8645540805,160.78370767315016,115.6714891811072,0.0,360.62445840513925
521630.55116097257,163.00954723780393,111.85964214396617,0.0,360.62445840513925
560954.1734763188,175.29817921134963,101.08123940146137,0.0,360.62445840513925
561710.7777321885,175.5346180413089,100.24636165638032,0.0,360.62445840513925
567007.7146300569,177.18991082189277,100.90110196588384,0.0,360.62445840513925
556485.2586192199,173.90164331850622,99.20529935377972,0.0,360.62445840513925
566770.1267515782,177.1156646098682,100.99983496176957,0.0,360.62445840513925
513866.5187035443,160.58328709485758,100.03128541641634,0.0,360.62445840513925
522616.25801394664,163.31758062935833,101.16935776767117,0.0,360.62445840513925
516067.742113378,161.27116941043062,99.13954611804608,0.0,360.62445840513925
513055.4672255233,160.32983350797605,89.24634509213635,0.0,360.62445840513925
513055.4672255233,160.32983350797605,89.24634509213635,0.0,360.62445840513925
518862.9352194085,162.14466725606516,75.6664855578077,31.112698372208094,357.7960312803931
518862.9352194085,162.14466725606516,75.6664855578077,31.112698372208094,357.7960312803931
517642.4689150804,161.76327153596264,79.10213185011149,24.041630560342618,359.21024484276614
404596.6007000059,126.43643771875185,85.44232904124388,0.0,318.1980515339464
368639.5137698888,115.19984805309025,82.89444252961066,0.0,304.05591591021545
368639.5137698888,115.19984805309025,82.89444252961066,0.0,304.05591591021545
368639.5137698888,115.19984805309025,82.89444252961066,0.0,304.05591591021545
515759.4435567807,161.17482611149396,99.26171116261138,0.0,360.62445840513925
332746.77355685964,103.98336673651863,80.40517068813841,0.0,289.9137802864845
552026.9503638388,172.50842198869964,89.74928080752933,0.0,360.62445840513925
546167.1564681458,170.67723639629557,90.72960449805261,0.0,360.62445840513925
473634.26417437324,148.01070755449163,90.5148665922828,0.0,360.62445840513925
460714.71617531386,143.9733488047856,89.70695166867253,0.0,360.62445840513925
552026.9503638388,172.50842198869964,89.74928080752933,0.0,360.62445840513925
506430.5837925865,158.2595574351833,119.99289619252433,0.0,360.62445840513925
513380.73634486913,160.4314801077716,116.29228748257422,0.0,360.62445840513925
496120.2598161055,155.03758119253297,125.36286822847009,0.0,360.62445840513925
507414.169325217,158.56692791413033,119.43282498699845,0.0,360.62445840513925
503414.06626404467,157.31689570751396,121.57655039604131,0.0,360.62445840513925
556408.8910868517,173.87777846464115,99.94743868629737,0.0,360.62445840513925
561311.262400818,175.40976950025563,100.28279520369976,0.0,360.62445840513925
558060.6925277035,174.39396641490734,99.59942085336728,0.0,360.62445840513925
563436.1182782836,176.07378696196363,100.40889285129605,0.0,360.62445840513925
563436.1182782836,176.07378696196363,100.41909281169119,0.0,360.62445840513925
511955.91618077824,159.9862238064932,98.53886243959118,0.0,360.62445840513925
514227.1431619494,160.6959822381092,98.12978911257936,0.0,360.62445840513925
536117.0477871413,167.53657743348165,90.53120786157115,0.0,360.62445840513925
534813.1428826335,167.12910715082296,91.39558068073505,0.0,360.62445840513925
533577.1202291192,166.74285007159975,79.53379831870222,39.59797974644666,360.62445840513925
533577.1202291192,166.74285007159975,79.53379831870222,39.59797974644666,360.62445840513925
529540.2476153253,165.48132737978915,72.14152198888686,36.76955262170048,353.5533905932738
529540.2476153253,165.48132737978915,72.14152198888686,36.76955262170048,353.5533905932738
529666.1126223765,165.52066019449268,75.47455253281929,39.59797974644666,359.21024484276614
703164.6608814326,219.7389565254477,84.41178948380032,0.0,360.62445840513925
380837.1057453567,119.01159554542397,76.24037419230328,0.0,304.05591591021545
636731.2716821752,198.97852240067976,84.90405319089419,0.0,360.62445840513925
380837.1057453567,119.01159554542397,76.24037419230328,0.0,304.05591591021545
380837.1057453567,119.01159554542397,76.24037419230328,0.0,304.05591591021545
561141.5567733332,175.35673649166662,80.84361039681608,8.485281374238571,360.62445840513925
568252.9296717264,177.57904052241452,79.37882958250691,11.313708498984761,360.62445840513925
574671.3379245567,179.58479310142397,77.9717951359256,15.556349186104047,360.62445840513925
478251.6714555214,149.45364732985044,82.53233714614343,0.0,360.62445840513925
561141.5567733332,175.35673649166662,80.84361039681608,8.485281374238571,360.62445840513925
538055.2274743738,168.1422585857418,107.31552239278132,0.0,360.62445840513925
514582.81787288625,160.80713058527695,119.90331470784989,0.0,360.62445840513925
536117.7548939226,167.5367984043508,108.41982388691619,0.0,360.62445840513925
526870.2124095649,164.64694137798904,113.43382090947588,0.0,360.62445840513925
538055.2274743738,168.1422585857418,107.31552239278132,0.0,360.62445840513925
582962.164933969,182.17567654186533,92.03728474245463,0.0,360.62445840513925
580628.7125560533,181.44647267376666,91.9170476462231,0.0,360.62445840513925
581481.4833341644,181.71296354192637,91.66698205766647,0.0,360.62445840513925
579962.6179681756,181.23831811505485,92.06545064830874,0.0,360.62445840513925
579645.834130204,181.13932316568878,92.1621811500041,0.0,360.62445840513925
576183.8393295148,180.05744979047336,92.56513041475809,0.0,360.62445840513925
576410.1134994945,180.12816046859203,92.31135845577819,0.0,360.62445840513925
531027.2931761607,165.9460291175502,90.25771667905846,0.0,360.62445840513925
537221.5485793548,167.88173393104836,93.90469390453647,0.0,360.62445840513925
529942.5913738206,165.60705980431894,79.97268396439343,33.941125496954285,360.62445840513925
529942.5913738206,165.60705980431894,79.97268396439343,33.941125496954285,360.62445840513925
526614.9468615565,164.5671708942364,72.34590962084303,36.76955262170048,353.5533905932738
526614.9468615565,164.5671708942364,72.34590962084303,36.76955262170048,353.5533905932738
526826.3717891313,164.63324118410353,75.81956659376786,39.59797974644666,359.21024484276614
415326.2389977306,129.78944968679082,79.08615357633724,0.0,318.1980515339464
339839.0545721607,106.19970455380022,75.4220982798513,0.0,289.9137802864845
415326.2389977306,129.78944968679082,79.08615357633724,0.0,318.1980515339464
339839.0545721607,106.19970455380022,75.4220982798513,0.0,289.9137802864845
634391.4553432289,198.24732979475903,85.81775827588395,0.0,360.62445840513925
557776.4356016666,174.3051361255208,81.9148871635289,8.485281374238571,360.62445840513925
489241.52504872275,152.88797657772585,83.49366588531582,0.0,360.62445840513925
564626.8860978017,176.44590190556303,80.53360583931669,11.313708498984761,360.62445840513925
564626.8860978017,176.44590190556303,80.53360583931669,11.313708498984761,360.62445840513925
489241.52504872275,152.88797657772585,83.49366588531582,0.0,360.62445840513925
510944.7534836815,159.67023546365047,121.1889761415304,0.0,360.62445840513925
517053.44896635204,161.57920280198502,118.04775901886067,0.0,360.62445840513925
522103.60559758643,163.15737674924577,115.43651166249217,0.0,360.62445840513925
518674.84481561277,162.085889004879,117.21428850292973,0.0,360.62445840513925
522758.38647696516,163.36199577405162,115.10600233792655,0.0,360.62445840513925
575987.9707511261,179.9962408597269,92.01828704864697,0.0,360.62445840513925
577890.0879925179,180.59065249766184,92.66097131731757,0.0,360.62445840513925
583812.1072849552,182.44128352654852,93.69996049324432,0.0,360.62445840513925
583015.9050493392,182.1924703279185,92.28101869864977,0.0,360.62445840513925
583896.9600986976,182.467800030843,91.91424458784556,0.0,360.62445840513925
581419.9650442011,181.69373907631285,92.41394236244199,0.0,360.62445840513925
538195.2346170486,168.1860108178277,91.68990018772814,0.0,360.62445840513925
541243.5719507439,169.13861623460747,91.77722892004414,0.0,360.62445840513925
464670.27150927146,145.20945984664732,82.71515385523334,0.0,360.62445840513925
534045.2249182648,166.88913278695773,79.36437043861174,39.59797974644666,360.62445840513925
534045.2249182648,166.88913278695773,79.36437043861174,39.59797974644666,360.62445840513925
528894.659124102,165.27958097628186,71.96112092515436,36.76955262170048,353.5533905932738
528894.659124102,165.27958097628186,71.96112092515436,36.76955262170048,353.5533905932738
529012.7459565601,165.31648311142504,75.39849098569495,39.59797974644666,357.7960312803931
418068.399095172,130.64637471724126,78.27546565330793,0.0,318.1980515339464
342630.7121442852,107.07209754508912,74.60036332716432,0.0,289.9137802864845
702703.6272600989,219.5948835187809,84.63129098402699,0.0,360.62445840513925
702703.6272600989,219.5948835187809,84.63129098402699,0.0,360.62445840513925
560645.1678129404,175.20161494154388,81.03275608897306,8.485281374238571,360.62445840513925
491291.42760738253,153.52857112730703,82.96608797489141,0.0,360.62445840513925
491291.42760738253,153.52857112730703,82.96608797489141,0.0,360.62445840513925
464670.27150927146,145.20945984664732,82.71515385523334,0.0,360.62445840513925
520597.468153659,162.68670879801846,116.82453495721158,0.0,360.62445840513925
535559.8476435663,167.36245238861449,108.80749270141625,0.0,360.62445840513925
523401.85364784487,163.5630792649515,115.3401804505576,0.0,360.62445840513925
522867.2809212679,163.39602528789624,115.63574753343877,0.0,360.62445840513925
581186.6198064096,181.62081868950298,91.93152393795442,0.0,360.62445840513925
581808.1666670726,181.8150520834602,92.15592319345878,0.0,360.62445840513925
470726.6410901342,147.10207534066694,46.91096346237999,0.0,360.62445840513925
461861.64337439847,144.33176355449953,51.67910601005059,0.0,360.62445840513925
451396.4630128376,141.06139469151174,56.01502830879894,0.0,360.62445840513925
451396.4630128376,141.06139469151174,56.01502830879894,0.0,360.62445840513925
469735.27738291066,146.7922741821596,43.010127329847414,11.313708498984761,352.8462838120872
469466.5768060598,146.70830525189368,43.04686089155849,5.656854249492381,353.5533905932738
468137.2160574291,146.2928800179466,43.225355765507445,8.485281374238571,352.13917703090067
471577.99765468284,147.36812426708838,38.998205247164904,19.79898987322333,309.7127701597078
471577.99765468284,147.36812426708838,38.998205247164904,19.79898987322333,309.7127701597078
468552.9948447668,146.42281088898963,32.036441381139504,72.12489168102785,278.60007178749976
468552.9948447668,146.42281088898963,32.036441381139504,72.12489168102785,278.60007178749976
468540.9740294866,146.41905438421455,35.162329551416555,45.254833995939045,292.7422074112307
303507.2010480147,94.84600032750458,38.49143942976153,0.0,289.9137802864845
632938.3509078906,197.79323465871582,53.83295991529899,0.0,360.62445840513925
600617.914153416,187.69309817294248,52.68440789970205,0.0,360.62445840513925
632938.3509078906,197.79323465871582,53.83295991529899,0.0,360.62445840513925
600617.914153416,187.69309817294248,52.68440789970205,0.0,360.62445840513925
402753.88042823377,125.86058763382306,50.70069938342813,0.0,346.4823227814083
518032.79185829544,161.88524745571732,44.33688433405275,2.8284271247461903,360.62445840513925
402753.88042823377,125.86058763382306,50.70069938342813,0.0,346.4823227814083
386138.99239069346,120.66843512209171,51.9197052807077,0.0,346.4823227814083
386138.99239069346,120.66843512209171,51.9197052807077,0.0,346.4823227814083
446038.7149317871,139.38709841618348,70.61592805534166,0.0,360.62445840513925
463449.09809816227,144.8278431556757,65.00104496756187,0.0,360.62445840513925
447669.3031692032,139.89665724037602,70.09828577054327,0.0,360.62445840513925
454245.3962342382,141.95168632319943,68.00292732669675,0.0,360.62445840513925
474309.5511504064,148.221734734502,61.369704525481644,0.0,360.62445840513925
523452.76533609035,163.57898916752822,67.19571407783154,0.0,360.62445840513925
524740.4067846311,163.9813771201972,68.45443503903653,0.0,360.62445840513925
525658.2313866111,164.26819730831596,68.78262505405105,0.0,360.62445840513925
526795.9661975403,164.62373943673134,68.31804786341006,0.0,360.62445840513925
521052.137813962,162.8287930668631,67.13882952240583,0.0,360.62445840513925
479054.2376521682,149.70444926630256,63.848366961286075,0.0,360.62445840513925
471573.7550139957,147.36679844187364,58.86175672278383,0.0,360.62445840513925
478361.2730066054,149.48789781456418,61.55200647202674,0.0,360.62445840513925
442423.2779595803,138.25727436236883,49.785527436582136,0.0,309.7127701597078
458260.3485378154,143.2063589180673,44.742991942087286,0.0,309.7127701597078
458260.3485378154,143.2063589180673,44.742991942087286,0.0,309.7127701597078
464973.62031840044,145.30425634950015,32.2726368107527,72.12489168102785,278.60007178749976
464973.62031840044,145.30425634950015,32.2726368107527,72.12489168102785,278.60007178749976
464419.24860195024,145.13101518810944,35.52507467224735,45.254833995939045,292.7422074112307
560378.5885564331,175.11830892388534,54.84218470656209,0.0,360.62445840513925
560378.5885564331,175.11830892388534,54.84218470656209,0.0,360.62445840513925
593410.3747327814,185.4407421039942,55.74230394565623,0.0,360.62445840513925
626148.0044881562,195.67125140254882,56.525535984283664,0.0,360.62445840513925
560378.5885564331,175.11830892388534,54.84218470656209,0.0,360.62445840513925
395395.0201564254,123.56094379888295,53.73873031882403,0.0,346.4823227814083
379132.97840269713,118.47905575084286,54.587954299814825,0.0,346.4823227814083
523534.78972270794,163.60462178834624,50.11759214080609,0.0,360.62445840513925
395395.0201564254,123.56094379888295,53.73873031882403,0.0,346.4823227814083
523534.78972270794,163.60462178834624,50.11759214080609,0.0,360.62445840513925
440311.1500041761,137.597234376305,72.60821771323262,0.0,360.62445840513925
460044.378946749,143.76386842085907,66.68930980989323,0.0,360.62445840513925
438001.73925682076,136.87554351775648,73.28860517992378,0.0,360.62445840513925
449783.552444951,140.5573601390472,69.80320603842053,0.0,360.62445840513925
436275.6916039444,136.33615362623263,73.75008429252334,0.0,360.62445840513925
515873.2877485517,161.2104024214224,71.65530812419306,0.0,360.62445840513925
513662.8719505625,160.51964748455077,71.60171385997369,0.0,360.62445840513925
518004.507587048,161.8764086209525,71.57421882725946,0.0,360.62445840513925
509159.30886118545,159.11228401912047,69.16769124178391,0.0,360.62445840513925
515622.97194801166,161.13217873375365,71.11700224112144,0.0,360.62445840513925
466069.6358292396,145.64676119663739,65.33667865701231,0.0,360.62445840513925
467857.2017720792,146.20537555377476,65.44553821063502,0.0,360.62445840513925
470034.38355135254,146.88574485979768,65.160043264507,0.0,360.62445840513925
470168.733839778,146.92772932493062,66.8918460962913,0.0,360.62445840513925
442423.2779595803,138.25727436236883,49.785527436582136,0.0,309.7127701597078
442423.2779595803,138.25727436236883,49.785527436582136,0.0,309.7127701597078
461416.8732090321,144.19277287782253,32.59117307346711,72.12489168102785,278.60007178749976
461416.8732090321,144.19277287782253,32.59117307346711,72.12489168102785,278.60007178749976
460156.8089249577,143.79900278904927,35.95037704079055,45.254833995939045,292.7422074112307
617388.3656828172,192.93386427588038,59.318268554688714,0.0,360.62445840513925
584338.194730158,182.60568585317435,58.81048131788923,0.0,360.62445840513925
291678.0117055449,91.14937865798278,43.140301505827146,0.0,289.9137802864845
323308.3122415816,101.03384757549425,45.626506006287585,0.0,304.05591591021545
323308.3122415816,101.03384757549425,45.626506006287585,0.0,304.05591591021545
402449.82451232354,125.7655701601011,56.285564755136704,0.0,346.4823227814083
511502.6607340377,159.8445814793868,55.97511520023596,0.0,360.62445840513925
526448.0696611966,164.51502176912393,56.075034438729396,0.0,360.62445840513925
402449.82451232354,125.7655701601011,56.285564755136704,0.0,346.4823227814083
386572.4488475608,120.80389026486274,56.64388843357243,0.0,346.4823227814083
424227.2991593068,132.57103098728336,76.95596057466082,0.0,360.62445840513925
419058.3485888332,130.95573393401037,78.35096999913077,0.0,360.62445840513925
419829.09498032654,131.19659218135203,78.13629806306415,0.0,360.62445840513925
435574.94878378854,136.11717149493393,73.86363702268356,0.0,360.62445840513925
428804.40135392733,134.0013754231023,75.73039542328297,0.0,360.62445840513925
509023.5443591976,159.06985761224925,74.9987297340345,0.0,360.62445840513925
502122.18217481696,156.9131819296303,73.98722794657704,0.0,360.62445840513925
505049.6042489293,157.82800132779042,73.62779576610318,0.0,360.62445840513925
508833.33263505844,159.01041644845577,75.22194322229832,0.0,360.62445840513925
509181.2291714022,159.1191341160632,76.2755576145091,0.0,360.62445840513925
458890.3806798526,143.40324396245396,67.41485205275558,0.0,360.62445840513925
458581.37501647405,143.30667969264815,68.7498926760526,0.0,360.62445840513925
458874.8243306665,143.3983826033333,69.8544354210815,0.0,360.62445840513925
446072.65605728404,139.39770501790127,49.92352111722678,0.0,309.7127701597078
446072.65605728404,139.39770501790127,49.92352111722678,0.0,309.7127701597078
459796.89157333376,143.6865286166668,32.78081699472722,72.12489168102785,278.60007178749976
459796.89157333376,143.6865286166668,32.78081699472722,72.12489168102785,278.60007178749976
458321.86682777863,143.22558338368083,36.51723371442992,45.254833995939045,292.7422074112307
617399.6793913161,192.93739980978629,59.30611718776295,0.0,360.62445840513925
617399.6793913161,192.93739980978629,59.30611718776295,0.0,360.62445840513925
550990.3318226192,172.1844786945685,58.1914242752288,0.0,360.62445840513925
550990.3318226192,172.1844786945685,58.1914242752288,0.0,360.62445840513925
452878.55882620456,141.52454963318894,68.59582354176563,0.0,360.62445840513925
291664.5766767024,91.14518021146951,43.13375489936797,0.0,289.9137802864845
511531.65211206634,159.85364128502073,55.965229934933014,0.0,360.62445840513925
402466.08796829084,125.77065249009088,56.27420315710207,0.0,346.4823227814083
511531.65211206634,159.85364128502073,55.965229934933014,0.0,360.62445840513925
370709.21531842183,115.84662978700682,57.13936847299057,0.0,346.4823227814083
496484.41980841657,155.15138119013017,55.958718119207504,0.0,360.62445840513925
450801.78620985965,140.87555819058113,69.636800468518,0.0,360.62445840513925
450065.6880506445,140.6455275158264,69.84803233481186,0.0,360.62445840513925
429526.3573775188,134.22698668047462,75.52310356228541,0.0,360.62445840513925
443099.9791491758,138.46874348411745,71.7886974246621,0.0,360.62445840513925
421978.69959513366,131.86834362347926,77.54865376007504,0.0,360.62445840513925
501578.4170600844,156.74325533127637,73.50398502397198,0.0,360.62445840513925
505426.4921633017,157.94577880103176,74.70334783452176,0.0,360.62445840513925
502658.8762217375,157.08089881929297,73.71622409533092,0.0,360.62445840513925
506536.6498097645,158.29270306555142,75.0189642687179,0.0,360.62445840513925
503812.16738185275,157.441302306829,74.142508997401,0.0,360.62445840513925
461419.7016361569,144.19365676129902,69.0720161303019,0.0,360.62445840513925
458068.01549333264,143.14625484166646,68.14227102030492,0.0,360.62445840513925
476416.72935834236,148.880227924482,60.1582996302613,0.0,360.62445840513925
480527.84818416095,150.1649525575503,62.66290513245195,0.0,360.62445840513925
469028.1706017241,146.57130331303878,36.90743380563308,32.526911934581186,303.3488091290289
469028.1706017241,146.57130331303878,36.90743380563308,32.526911934581186,303.3488091290289
468330.9633154742,146.3534260360857,31.362995711506898,76.36753236814714,274.35743110038044
468330.9633154742,146.3534260360857,31.362995711506898,76.36753236814714,274.35743110038044
468439.15065299574,146.38723457906116,34.12045604977932,49.49747468305833,288.4995667241114
334919.71269544587,104.66241021732684,36.46235490200818,0.0,296.2777413171634
301566.1929336577,94.23943529176802,34.87568894858813,0.0,282.13560569343247
368281.71773860836,115.08803679331511,38.06302182973059,4.242640687119286,310.41987694089437
601023.793445817,187.8199354518178,49.350291000915085,18.38477631085024,360.62445840513925
568100.1946069901,177.5313108146844,48.042784569276606,16.970562748477143,360.62445840513925
385240.25967180537,120.38758114743918,49.17900967860933,0.0,339.4112549695428
548576.9763784296,171.43030511825924,37.80222818579015,24.041630560342618,353.5533905932738
385240.25967180537,120.38758114743918,49.17900967860933,0.0,339.4112549695428
532882.0342632129,166.52563570725405,38.761687702484295,21.213203435596427,353.5533905932738
401846.6624279714,125.57708200874106,47.74078516237372,0.0,339.4112549695428
445000.6821770052,139.06271318031412,66.4363999659049,0.0,360.62445840513925
441533.0305220664,137.97907203814574,67.45421867453649,0.0,360.62445840513925
466777.44971720735,145.86795303662728,59.696260838969614,0.0,360.62445840513925
452477.6292812717,141.3992591503974,64.14694906399485,0.0,360.62445840513925
477704.3708068831,149.28261587715096,56.077663529029095,0.0,360.62445840513925
520658.98644362227,162.70593326363195,65.20161088547235,11.313708498984761,360.62445840513925
522225.93507073156,163.1956047096036,65.77921459106058,11.313708498984761,360.62445840513925
521938.14261078875,163.1056695658715,65.22364596500834,11.313708498984761,360.62445840513925
522760.5077973087,163.36265868665896,65.30236426099879,11.313708498984761,360.62445840513925
525839.2507225949,164.3247658508109,66.36243230794192,11.313708498984761,360.62445840513925
521123.5555988618,162.85111112464432,64.48388591709366,11.313708498984761,360.62445840513925
516571.90924836404,161.42872164011376,64.1765766139693,5.656854249492381,360.62445840513925
469062.81883400225,146.5821308856257,56.96887306924104,0.0,360.62445840513925
472648.5573213992,147.70267416293726,57.7524597538251,0.0,360.62445840513925
468893.82031329867,146.52931884790584,37.11598332213159,28.284271247461902,306.1772362537751
468893.82031329867,146.52931884790584,37.11598332213159,28.284271247461902,306.1772362537751
468038.92821484414,146.2621650671388,31.528739486745216,76.36753236814714,271.5290039756343
468038.92821484414,146.2621650671388,31.528739486745216,76.36753236814714,271.5290039756343
468099.73939802614,146.28116856188316,34.25700483725806,50.91168824543143,288.4995667241114
567858.3640878242,177.45573877744508,48.2232535318924,9.899494936611665,360.62445840513925
633496.965265028,197.96780164532123,50.875366821466265,12.727922061357857,360.62445840513925
301503.96753691323,94.21998985528539,34.85167561136655,0.0,282.842712474619
567858.3640878242,177.45573877744508,48.2232535318924,9.899494936611665,360.62445840513925
301503.96753691323,94.21998985528539,34.85167561136655,0.0,282.842712474619
516847.68089302676,161.51490027907087,39.874102110164145,11.313708498984761,353.5533905932738
516847.68089302676,161.51490027907087,39.874102110164145,11.313708498984761,353.5533905932738
418368.2123703951,130.74006636574848,46.54336066164204,0.0,353.5533905932738
532607.6768321126,166.4398990100352,38.76444712980307,12.727922061357857,353.5533905932738
418368.2123703951,130.74006636574848,46.54336066164204,0.0,353.5533905932738
459956.6977058819,143.7364680330881,62.14737857402392,0.0,360.62445840513925
440436.3079044461,137.63634622013942,68.11160954947344,0.0,360.62445840513925
443006.64105405915,138.43957532939348,67.34725018601122,0.0,360.62445840513925
463996.3987468006,144.9988746083752,60.857685831821506,0.0,360.62445840513925
477562.94945064577,149.2384217033268,56.363741004301694,0.0,360.62445840513925
530178.7650387369,165.68086407460527,68.23958962356227,5.656854249492381,360.62445840513925
516272.8030799221,161.33525096247567,63.45654209279765,5.656854249492381,360.62445840513925
522991.0246079755,163.43469518999234,65.92645714661373,5.656854249492381,360.62445840513925
521498.3221928907,162.96822568527833,65.63770766100983,8.485281374238571,360.62445840513925
524623.7341657353,163.94491692679227,66.58546783170624,8.485281374238571,360.62445840513925
523675.50397216406,163.64859499130128,66.16223442133017,8.485281374238571,360.62445840513925
476599.87001466966,148.93745937958428,61.63027923476161,0.0,360.62445840513925
469370.4102838184,146.67825321369324,58.74806674844448,0.0,360.62445840513925
515399.5262051567,161.06235193911147,40.05329504662254,12.727922061357857,352.13917703090067
467217.97724188655,146.00561788808955,37.15508690095056,24.041630560342618,304.05591591021545
467217.97724188655,146.00561788808955,37.15508690095056,24.041630560342618,304.05591591021545
466766.1360087084,145.86441750272138,31.683241632475,77.78174593052023,270.1147904132612
466766.1360087084,145.86441750272138,31.683241632475,77.78174593052023,270.1147904132612
466794.42027995584,145.8732563374862,34.39737623348687,53.74011537017761,288.4995667241114
566304.1433827763,176.9700448071176,48.3390269059773,15.556349186104047,360.62445840513925
333727.5306623654,104.28985333198918,36.58175678520904,0.0,295.57063453597686
599197.3366300121,187.2491676968788,49.7559698988591,18.38477631085024,360.62445840513925
333727.5306623654,104.28985333198918,36.58175678520904,0.0,295.57063453597686
400510.23061152885,125.15944706610277,48.076626637664816,0.0,352.13917703090067
383931.40501982905,119.97856406869658,49.52609421066507,0.0,352.13917703090067
400510.23061152885,125.15944706610277,48.076626637664816,0.0,352.13917703090067
417104.61255241476,130.34519142262963,46.70464355123639,2.8284271247461903,352.13917703090067
430471.75914396526,134.52242473248916,70.3995975687489,0.0,360.62445840513925
458515.61408582376,143.28612940181992,61.9256885492194,0.0,360.62445840513925
427866.07065529283,133.708147079779,71.16684729909137,0.0,360.62445840513925
467013.62338212365,145.94175730691364,59.21566414741899,0.0,360.62445840513925
517612.0633234895,161.75376978859046,64.47538646010342,8.485281374238571,360.62445840513925
519997.8416032129,162.49932550100402,65.38922999408045,8.485281374238571,360.62445840513925
481951.96124147065,150.6099878879596,77.73001040228074,0.0,360.62445840513925
471611.9387801798,147.37873086880617,80.73026848710464,0.0,360.62445840513925
461107.1604388724,144.09598763714763,83.42363894229861,0.0,360.62445840513925
461107.16043887247,144.09598763714766,83.42363894229861,0.0,360.62445840513925
478369.05118119845,149.49032849412453,75.73921828695323,1.4142135623730951,360.62445840513925
479084.6432437592,149.71395101367474,75.60987284657342,0.0,359.9173516239527
478799.679210941,149.62489975341907,75.28169701215094,0.0,359.2102448427662
480871.5020798176,150.272344399943,72.60885260968475,26.870057685088806,360.62445840513925
480871.5020798176,150.272344399943,72.60885260968475,26.870057685088806,360.62445840513925
478956.65691636445,149.67395528636388,68.88059697901542,24.041630560342618,345.06810921903525
478956.65691636445,149.67395528636388,68.88059697901542,24.041630560342618,345.06810921903525
479102.32091328886,149.71947528540278,70.97676645574714,28.284271247461902,349.31074990615446
630483.2761636109,197.0260238011284,86.97794983567495,0.0,360.62445840513925
572719.7232084818,178.97491350265057,84.21977031385654,0.0,360.62445840513925
602213.1470517728,188.191608453679,85.87512049550317,0.0,360.62445840513925
321445.79297993623,100.45181030623007,63.86892505319917,0.0,289.9137802864845
630483.2761636109,197.0260238011284,86.97794983567495,0.0,360.62445840513925
526276.2427133681,164.46132584792755,76.00950981023227,14.142135623730951,360.62445840513925
415923.03712105204,129.97594910032876,78.49531335034438,0.0,360.62445840513925
415923.03712105204,129.97594910032876,78.49531335034438,0.0,360.62445840513925
399962.22285610926,124.98819464253414,78.89660132096947,0.0,360.62445840513925
399962.22285610926,124.98819464253414,78.89660132096947,0.0,360.62445840513925
490322.691317157,153.22584103661157,99.22550035083243,0.0,360.62445840513925
463753.8611208536,144.92308160026676,112.37955335928517,0.0,360.62445840513925
491081.4168933701,153.46294277917815,98.77688497849428,0.0,360.62445840513925
485216.67325020896,151.6302103906903,101.97385349625168,0.0,360.62445840513925
489566.08706128737,152.9894022066523,99.60001490311723,0.0,360.62445840513925
532162.1995599649,166.30068736248904,89.36968502525716,0.0,360.62445840513925
533075.7815212581,166.58618172539315,89.52549302798784,0.0,360.62445840513925
537355.8988677801,167.92371839618127,89.70184529874511,0.0,360.62445840513925
533121.036355254,166.60032386101688,89.62020765795123,0.0,360.62445840513925
533955.4223570542,166.86106948657942,89.87718819892466,0.0,360.62445840513925
487273.64687668066,152.27301464896271,85.23160602714698,0.0,360.62445840513925
484139.04251568066,151.2934507861502,86.85138815366598,0.0,360.62445840513925
486852.9183418746,152.14153698183583,86.10029529452665,0.0,360.62445840513925
452364.49219628196,141.3639038113381,80.27264757823022,0.0,360.62445840513925
464422.07702907495,145.13189907158593,77.03220712387125,0.0,360.62445840513925
464422.07702907495,145.13189907158593,77.03220712387125,0.0,360.62445840513925
475339.09862381406,148.5434683199419,69.41300797208274,24.041630560342618,345.06810921903525
475339.09862381406,148.5434683199419,69.41300797208274,24.041630560342618,345.06810921903525
474967.8675636911,148.42745861365347,71.42346973854035,28.284271247461902,349.31074990615446
314592.5140566762,98.31016064271131,65.47580637651053,0.0,289.9137802864845
622352.9623935281,194.48530074797753,88.47775309629392,0.0,360.62445840513925
593645.8412909165,185.51432540341142,87.63994384763826,0.0,360.62445840513925
593645.8412909165,185.51432540341142,87.63994384763826,0.0,360.62445840513925
563716.1325636335,176.16129142613548,86.26338589938476,0.0,360.62445840513925
422971.4775159196,132.17858672372486,80.36796018450855,0.0,360.62445840513925
527659.3435773691,164.89354486792786,78.8403070588812,0.0,360.62445840513925
407328.1541957295,127.29004818616548,80.44792788825373,0.0,360.62445840513925
407328.1541957295,127.29004818616548,80.44792788825373,0.0,360.62445840513925
514679.6915019088,160.8374035943465,79.85080274348717,0.0,360.62445840513925
481681.84645105735,150.52557701595543,100.5644361604224,0.0,360.62445840513925
470119.236365095,146.9122613640922,106.62484374965655,0.0,360.62445840513925
458401.06278727145,143.25033212102232,112.12310758031461,0.0,360.62445840513925
481681.84645105735,150.52557701595543,100.5644361604224,0.0,360.62445840513925
458401.06278727145,143.25033212102232,112.12310758031461,0.0,360.62445840513925
523871.37255055277,163.70980392204774,92.20316446470093,0.0,360.62445840513925
520825.15653720114,162.75786141787535,91.77251315987641,0.0,360.62445840513925
519727.7268127996,162.41491462899987,91.38699069645904,0.0,360.62445840513925
521134.8693073607,162.85464665855022,91.74721725599503,0.0,360.62445840513925
524428.5726941277,163.8839289669149,92.65578611920137,0.0,360.62445840513925
474482.79231179715,148.2758725974366,89.34644113208287,0.0,360.62445840513925
474787.5553344885,148.37111104202765,87.79871227361082,0.0,360.62445840513925
467327.57879297045,146.03986837280326,86.56802853481358,0.0,360.62445840513925
476569.4644230787,148.9279576322121,87.64293413760204,0.0,360.62445840513925
452364.49219628196,141.3639038113381,80.27264757823022,0.0,360.62445840513925
452364.49219628196,141.3639038113381,80.27264757823022,0.0,360.62445840513925
468967.35941854207,146.5522998182944,70.2892838060593,24.041630560342618,345.06810921903525
468967.35941854207,146.5522998182944,70.2892838060593,24.041630560342618,345.06810921903525
467865.68705345347,146.2080272042042,72.47290420256863,28.284271247461902,349.31074990615446
554525.1586217708,173.28911206930337,88.19821451981,0.0,360.62445840513925
554525.1586217708,173.28911206930337,88.19821451981,0.0,360.62445840513925
337994.9200868262,105.62341252713318,70.13705472054731,0.0,304.05591591021545
368479.7076373406,115.14990863666894,73.37943093753724,0.0,318.1980515339464
584876.302990641,182.7738446845753,89.32013427396284,0.0,360.62445840513925
413746.5624485598,129.29580076517493,82.42366334671244,0.0,360.62445840513925
398519.01791570755,124.5371930986586,82.27567344821568,0.0,360.62445840513925
383418.75260346883,119.81836018858401,82.19193580710184,0.0,360.62445840513925
515425.68915606063,161.07052786126894,82.55956216267252,0.0,360.62445840513925
413746.5624485598,129.29580076517493,82.42366334671244,0.0,360.62445840513925
446904.9207387406,139.65778773085643,114.36548859849744,0.0,360.62445840513925
442327.11143733887,138.2272223241684,116.35235752787702,0.0,360.62445840513925
449925.6809079696,140.6017752837405,113.01022080241482,0.0,360.62445840513925
460104.4830231499,143.78265094473434,108.30665480387015,0.0,360.62445840513925
443628.8950215033,138.63402969421978,115.78886846645574,0.0,360.62445840513925
518796.4671819769,162.12389599436779,95.49756707035748,0.0,360.62445840513925
512976.97837281163,160.30530574150364,94.55836019291498,0.0,360.62445840513925
513188.4033003864,160.37137603137074,94.90012941142224,0.0,360.62445840513925
511977.1293842139,159.99285293256685,94.10080189216268,0.0,360.62445840513925
509383.46171082155,159.18233178463174,94.20519706394877,0.0,360.62445840513925
463697.2925783587,144.9054039307371,90.96617677972358,0.0,360.62445840513925
463840.8352549397,144.95026101716866,90.35243469909756,0.0,360.62445840513925
467176.2579417966,145.99258060681143,91.27907243182126,0.0,360.62445840513925
457314.94677136897,142.9109208660528,79.30287339350824,0.0,360.62445840513925
457314.94677136897,142.9109208660528,79.30287339350824,0.0,360.62445840513925
466461.37298601697,145.7691790581303,69.99042478595733,24.041630560342618,345.06810921903525
466461.37298601697,145.7691790581303,69.99042478595733,24.041630560342618,345.06810921903525
464981.39849299355,145.3066870290605,72.66423199132207,25.455844122715714,349.31074990615446
368464.15128815453,115.14504727754829,73.37014545236484,0.0,318.1980515339464
307555.3873703077,96.11105855322116,66.96255169891077,0.0,289.9137802864845
584910.9512229192,182.78467225716224,89.30247753613445,0.0,360.62445840513925
368464.15128815453,115.14504727754829,73.37014545236484,0.0,318.1980515339464
465686.3839538365,145.5269949855739,90.99342341877654,0.0,360.62445840513925
368464.15128815453,115.14504727754829,73.37014545236484,0.0,318.1980515339464
398542.35243948665,124.54448513733958,82.25768184112047,0.0,360.62445840513925
515494.98562061694,161.09218300644278,82.56867300446793,0.0,360.62445840513925
383442.08712724794,119.82565222726498,82.17334634515348,0.0,360.62445840513925
515494.98562061694,161.09218300644278,82.56867300446793,0.0,360.62445840513925
515494.98562061694,161.09218300644278,82.56867300446793,0.0,360.62445840513925
456002.55658548675,142.5007989329646,110.26062005410996,0.0,360.62445840513925
468483.69838021044,146.40115574381576,104.07158760620018,0.0,360.62445840513925
463215.04575358954,144.75470179799674,106.77242985023356,0.0,360.62445840513925
441892.24076690915,138.0913252396591,116.53598942410319,0.0,360.62445840513925
453150.7949369614,141.60962341780044,111.56876603901627,0.0,360.62445840513925
511498.41809335054,159.84325565417205,94.69633966988904,0.0,360.62445840513925
517315.7855821722,161.66118299442883,95.14630612426211,0.0,360.62445840513925
517810.0532222217,161.81564163194426,95.4373649219329,0.0,360.62445840513925
516354.12035975856,161.36066261242456,95.7309927219461,0.0,360.62445840513925
512474.22545138793,160.14819545355874,94.90214463050216,0.0,360.62445840513925
466127.6185852969,145.6648808079053,90.18042677997677,0.0,360.62445840513925
464398.7425052958,145.12460703290492,90.7654007031034,0.0,360.62445840513925
480445.8237975433,150.13931993673228,84.12092346845432,0.0,360.62445840513925
487726.90232342115,152.4146569760691,85.17667206381797,0.0,360.62445840513925
475830.53783673875,148.69704307398086,72.35932476920088,22.627416997969522,355.67471093683343
475830.53783673875,148.69704307398086,72.35932476920088,22.627416997969522,355.67471093683343
476387.0308735325,148.8709471479789,68.64271175087471,29.698484809834998,345.7752160002218
476387.0308735325,148.8709471479789,68.64271175087471,29.698484809834998,345.7752160002218
476499.4608517412,148.90608151616914,70.61866440609028,28.284271247461902,347.18942956259485
600292.6450340701,187.5914515731469,84.7815674051836,2.8284271247461903,360.62445840513925
317696.00571930397,99.28000178728249,61.83729150049498,0.0,289.9137802864845
317696.00571930397,99.28000178728249,61.83729150049498,0.0,289.9137802864845
317696.00571930397,99.28000178728249,61.83729150049498,0.0,289.9137802864845
349592.1784050668,109.24755575158336,64.51253511763964,1.4142135623730951,304.05591591021545
548411.5133916319,171.37859793488497,70.99140406502077,25.455844122715714,360.62445840513925
412359.2189438718,128.86225591995992,76.99148247838036,0.0,360.62445840513925
412359.2189438718,128.86225591995992,76.99148247838036,0.0,360.62445840513925
412359.2189438718,128.86225591995992,76.99148247838036,0.0,360.62445840513925
548411.5133916319,171.37859793488497,70.99140406502077,25.455844122715714,360.62445840513925
452117.71192964783,141.28678497801494,114.43437195321243,0.0,360.62445840513925
458261.76275137777,143.20680085980555,111.75326617150839,0.0,360.62445840513925
456270.55005555646,142.5845468923614,112.62838280158337,0.0,360.62445840513925
456270.55005555646,142.5845468923614,112.62838280158337,0.0,360.62445840513925
476810.58783546323,149.00330869858226,102.9873578254875,0.0,360.62445840513925
530236.747794794,165.69898368587315,88.45258224307953,1.4142135623730951,360.62445840513925
525668.1308815477,164.27129090048365,87.49953045381828,1.4142135623730951,360.62445840513925
528553.1265487889,165.17285204649653,88.0534215154424,1.4142135623730951,360.62445840513925
533480.2466000968,166.71257706253024,88.70418496564817,1.4142135623730951,360.62445840513925
527818.4426031361,164.94326331348003,87.6071819259129,1.4142135623730951,360.62445840513925
532116.9447259691,166.28654522686534,88.18966263266728,0.0,360.62445840513925
530074.8203419023,165.64838135684448,87.73484646995982,0.0,360.62445840513925
478859.07618056063,149.6434613064252,83.6005417565127,0.0,360.62445840513925
484098.0303223718,151.28063447574118,84.86755457839698,0.0,360.62445840513925
477175.4549345555,149.1173296670486,72.36641438173339,24.041630560342618,354.26049737446033
477175.4549345555,149.1173296670486,72.36641438173339,24.041630560342618,354.26049737446033
477676.08653563564,149.27377704238614,68.59582795258032,31.112698372208094,345.06810921903525
477676.08653563564,149.27377704238614,68.59582795258032,31.112698372208094,345.06810921903525
477579.9200133942,149.24372500418568,70.56893515829044,28.284271247461902,346.48232278140836
629877.2856521341,196.8366517662919,86.00827280085066,0.0,360.62445840513925
629877.2856521341,196.8366517662919,86.00827280085066,0.0,360.62445840513925
571217.8284052416,178.505571376638,82.9016494860024,0.0,360.62445840513925
350263.22274041275,109.45725710637899,64.36056360845551,0.0,303.3488091290289
318419.3759564578,99.50605498639307,61.699355667583134,0.0,289.20667350529794
536653.0347272808,167.70407335227526,72.37003242748125,19.79898987322333,360.62445840513925
549235.2927917142,171.63602899741068,70.83674973133648,25.455844122715714,360.62445840513925
536653.0347272808,167.70407335227526,72.37003242748125,19.79898987322333,360.62445840513925
397213.69879763713,124.12928087426161,77.4301796678057,0.0,359.21024484276614
549235.2927917142,171.63602899741068,70.83674973133648,25.455844122715714,360.62445840513925
480057.62217467185,150.01800692958494,101.84315500746725,0.0,360.62445840513925
453474.6498427448,141.71082807585776,114.45655679581965,0.0,360.62445840513925
457143.82693032187,142.85744591572558,112.80567218755247,0.0,360.62445840513925
480746.34417954757,150.23323255610862,101.47710128764119,0.0,360.62445840513925
485106.36459234386,151.59573893510745,99.13819930641645,0.0,360.62445840513925
531685.6095894453,166.15175299670165,88.7014522562796,0.0,360.62445840513925
531335.591732758,166.04237241648687,88.01906363001534,0.0,360.62445840513925
530485.6493817717,165.77676543180365,88.0508729682378,0.0,360.62445840513925
526670.1011904891,164.58440662202784,86.6424151145096,0.0,360.62445840513925
532870.0134479327,166.52187920247897,87.86759746559024,0.0,360.62445840513925
529973.7040721927,165.61678252256021,87.87062099686676,0.0,360.62445840513925
479866.7033437515,149.95834479492234,83.655021599825,0.0,360.62445840513925
482394.6100864934,150.7483156520292,83.66243472626273,0.0,360.62445840513925
412885.30638907466,129.02665824658584,76.58951804404275,0.0,359.21024484276614
477133.7356344655,149.10429238577046,72.16190016822362,22.627416997969522,353.5533905932738
477133.7356344655,149.10429238577046,72.16190016822362,22.627416997969522,353.5533905932738
476949.18076457584,149.04661898892994,68.50139409507482,29.698484809834998,341.5325753131025
476949.18076457584,149.04661898892994,68.50139409507482,29.698484809834998,341.5325753131025
476973.22239513614,149.05413199848005,70.38811012294397,26.870057685088806,347.8965363437814
570877.0029367097,178.39906341772178,82.53875860272971,0.0,360.62445840513925
629692.0236754632,196.77875739858223,85.76061074537613,0.0,360.62445840513925
570877.0029367097,178.39906341772178,82.53875860272971,0.0,360.62445840513925
600960.8609422913,187.80026904446603,84.47627094679413,0.0,360.62445840513925
397019.95153959206,124.06873485612252,77.10379651775374,0.0,359.21024484276614
428976.22830175573,134.05507134429865,76.14054051144502,0.0,359.21024484276614
549177.3100356569,171.61790938614277,70.53317519387376,24.041630560342618,360.62445840513925
549177.3100356569,171.61790938614277,70.53317519387376,24.041630560342618,360.62445840513925
466720.1740679312,145.8500543962285,107.9203138089266,0.0,360.62445840513925
464464.5034359461,145.14515732373317,109.00058568865009,0.0,360.62445840513925
474078.32723295846,148.1494772602995,104.31917465164302,0.0,360.62445840513925
467928.61955697904,146.22769361155596,107.35851836158564,0.0,360.62445840513925
529828.7471820494,165.57148349439046,87.53524081600963,0.0,360.62445840513925
532509.3889895276,166.40918405922739,88.15997546076217,0.0,360.62445840513925
450515.40796347917,140.78606498858724,61.42387309734951,0.0,360.62445840513925
437846.1757649598,136.82692992654992,65.01888665514814,0.0,360.62445840513925
426840.7658225723,133.38773931955384,68.20711839110893,0.0,360.62445840513925
426840.7658225723,133.38773931955384,68.20711839110893,0.0,360.62445840513925
445365.5492760975,139.17673414878047,56.136734155806465,8.485281374238571,360.62445840513925
438821.276016216,137.13164875506752,53.89417411434001,15.556349186104047,360.62445840513925
445899.4148958933,139.34356715496665,56.106816197136844,8.485281374238571,360.62445840513925
454703.60142844706,142.0948754463897,54.17169864767949,31.112698372208094,360.62445840513925
454703.60142844706,142.0948754463897,54.17169864767949,31.112698372208094,360.62445840513925
441342.81879792723,137.91963087435226,42.48821837559704,66.46803743153548,354.9676041556469
441342.81879792723,137.91963087435226,42.48821837559704,66.46803743153548,354.9676041556469
442847.5420282922,138.3898568838413,46.729606304996,48.083261120685236,359.21024484276614
277330.81511526986,86.66587972352183,53.622783851624554,0.0,289.9137802864845
346058.76581947756,108.14336431858673,56.662880023940026,0.0,318.1980515339464
548234.0295895541,171.32313424673563,62.45522583719477,0.0,360.62445840513925
277330.81511526986,86.66587972352183,53.622783851624554,0.0,289.9137802864845
613183.908761882,191.6199714880881,62.844926669973106,0.0,360.62445840513925
515449.0236798398,161.07781989994993,57.41281840781984,5.656854249492381,360.62445840513925
404480.6351878913,126.40019849621603,61.11220833530063,0.0,360.62445840513925
374685.9838558149,117.08936995494216,61.37113078276045,0.0,360.62445840513925
490388.4522478073,153.24639132743977,59.315745022862075,2.8284271247461903,360.62445840513925
515449.0236798398,161.07781989994993,57.41281840781984,5.656854249492381,360.62445840513925
441081.18928888824,137.83787165277758,74.96267434185111,0.0,360.62445840513925
411773.0274222682,128.67907106945881,82.41310355429634,0.0,360.62445840513925
417108.14808632067,130.3462962769752,81.08964320044207,0.0,360.62445840513925
421261.69331901043,131.64427916219077,80.03829365601935,0.0,360.62445840513925
392165.6634867464,122.55176983960824,87.11245582108042,0.0,360.62445840513925
505350.83173771464,157.92213491803582,78.29255985040781,0.0,360.62445840513925
505558.72113138356,157.98710035355737,78.49312587338461,0.0,360.62445840513925
502603.01478602376,157.06344212063243,77.60390509967105,0.0,360.62445840513925
509671.25417076447,159.2722669283639,79.28717968562131,0.0,360.62445840513925
504532.7091918819,157.6664716224631,78.29938821519008,0.0,360.62445840513925
458663.39940309175,143.33231231346616,71.62205358250348,0.0,360.62445840513925
459364.84933002875,143.551515415634,73.12393535549765,0.0,360.62445840513925
456578.8486121537,142.68089019129803,70.56681771001686,0.0,360.62445840513925
411798.48326639086,128.68702602074714,60.263694938873,0.0,360.62445840513925
431364.1279018226,134.80128996931955,58.34037948845912,0.0,360.62445840513925
431364.1279018226,134.80128996931955,58.34037948845912,0.0,360.62445840513925
439137.3527474064,137.2304227335645,42.49289074500801,66.46803743153548,354.9676041556469
439137.3527474064,137.2304227335645,42.49289074500801,66.46803743153548,354.9676041556469
439833.1458200939,137.44785806877934,46.72134549437428,48.083261120685236,359.21024484276614
302403.4073625825,94.50106480080703,57.01464588387507,0.0,304.05591591021545
601892.1205731141,188.09128767909817,65.30798189516156,0.0,360.62445840513925
601892.1205731141,188.09128767909817,65.30798189516156,0.0,360.62445840513925
536397.0620724913,167.62408189765353,65.35832468376734,0.0,360.62445840513925
569312.1756299438,177.91005488435746,65.33885254804314,0.0,360.62445840513925
476382.78823284537,148.86962132276417,63.738899060674065,0.0,360.62445840513925
488678.66805089824,152.7120837659057,63.09485495565388,0.0,360.62445840513925
488678.66805089824,152.7120837659057,63.09485495565388,0.0,360.62445840513925
393195.9180669352,122.87372439591725,63.96574188052674,0.0,360.62445840513925
500544.6269459897,156.42019592062178,62.44094431464259,0.0,360.62445840513925
420340.3331831244,131.35635411972638,79.45913030371682,0.0,360.62445840513925
407417.24965015904,127.3178905156747,82.46516066429915,0.0,360.62445840513925
414891.3683273009,129.65355260228154,80.72990975380452,0.0,360.62445840513925
388652.0498910304,121.453765590947,86.71915794695713,0.0,360.62445840513925
413863.2350674557,129.3322609585799,80.97655251115472,0.0,360.62445840513925
493957.9272792371,154.3618522747616,81.49512523645011,0.0,360.62445840513925
486012.1683790438,151.8788026184512,79.65637001480513,0.0,360.62445840513925
492925.55137870467,154.0392348058452,81.50790653629676,0.0,360.62445840513925
493938.1282893638,154.35566509042619,81.72215828337005,0.0,360.62445840513925
491924.28817654453,153.72634005517017,81.18758293755387,0.0,360.62445840513925
442629.0460329056,138.32157688528298,74.9282727377907,0.0,360.62445840513925
450359.84447161807,140.73745139738065,76.184046840004,0.0,360.62445840513925
445001.3892837864,139.06293415118324,75.52821824665051,0.0,360.62445840513925
448804.2095530076,140.25131548531488,76.3165032013959,0.0,360.62445840513925
411798.48326639086,128.68702602074714,60.263694938873,0.0,360.62445840513925
411798.48326639086,128.68702602074714,60.263694938873,0.0,360.62445840513925
439372.81930554146,137.3040060329817,42.651766769325306,66.46803743153548,354.9676041556469
439372.81930554146,137.3040060329817,42.651766769325306,66.46803743153548,354.9676041556469
438324.17994904186,136.9763062340756,45.75868052040782,48.083261120685236,359.21024484276614
592425.3749865885,185.1329296833089,67.50469360996316,0.0,360.62445840513925
262081.3502722008,81.90042196006274,56.52374590836733,0.0,289.9137802864845
294722.106398553,92.10065824954782,58.71694016636085,0.0,304.05591591021545
262081.3502722008,81.90042196006274,56.52374590836733,0.0,289.9137802864845
294722.106398553,92.10065824954782,58.71694016636085,0.0,304.05591591021545
476073.78256946686,148.7730570529584,67.2111620760807,0.0,360.62445840513925
487584.7738604027,152.37024183137584,66.80822038116304,0.0,360.62445840513925
383475.32114596374,119.83603785811367,66.49703681720524,0.0,360.62445840513925
464202.87392690714,145.0633981021585,67.60777668696618,0.0,360.62445840513925
383475.32114596374,119.83603785811367,66.49703681720524,0.0,360.62445840513925
420259.0159032879,131.33094246977748,79.3857657266087,0.0,360.62445840513925
416984.40439961303,130.30762637487908,80.09256466610944,0.0,360.62445840513925
397841.60961933085,124.32550300604089,84.2769787429813,0.0,360.62445840513925
406348.1041970049,126.98378256156404,82.45098390927437,0.0,360.62445840513925
384601.7422483939,120.18804445262309,87.12187441684377,0.0,360.62445840513925
485057.57422444195,151.5804919451381,84.16777474437544,0.0,360.62445840513925
487480.1220567871,152.33753814274596,85.09169468201596,0.0,360.62445840513925
483524.56672282954,151.10142710088422,85.0912459323882,0.0,360.62445840513925
482651.2898480642,150.82852807752005,84.28037541722718,0.0,360.62445840513925
480667.8553268359,150.20870478963622,83.00205290635843,0.0,360.62445840513925
434390.5449253011,135.7470452891566,77.96697322593505,0.0,360.62445840513925
433648.0828050552,135.51502587657976,78.30589325152943,0.0,360.62445840513925
429263.3136549174,134.1447855171617,78.34368564890656,0.0,360.62445840513925
421022.6912269694,131.56959100842795,60.78751596236682,0.0,360.62445840513925
421022.6912269694,131.56959100842795,60.78751596236682,0.0,360.62445840513925
434111.2377467324,135.65976179585388,43.90611394774295,65.05382386916237,354.9676041556469
434111.2377467324,135.65976179585388,43.90611394774295,65.05382386916237,354.9676041556469
432818.6465507234,135.25582704710106,47.557971201520864,41.01219330881976,359.21024484276614
294703.7216222421,92.09491300695066,58.729385730162264,0.0,304.05591591021545
526322.2046541453,164.4756889544204,67.94214169400865,0.0,360.62445840513925
327461.15036749013,102.33160948984067,60.994165800662856,0.0,318.1980515339464
262082.05737898196,81.90064293093187,56.533267307842735,0.0,289.9137802864845
428696.2140164058,133.9675668801268,78.47609563885523,0.0,360.62445840513925
526322.2046541453,164.4756889544204,67.94214169400865,0.0,360.62445840513925
476049.74093890656,148.7655440434083,67.21664669535926,0.0,360.62445840513925
476049.74093890656,148.7655440434083,67.21664669535926,0.0,360.62445840513925
476049.74093890656,148.7655440434083,67.21664669535926,0.0,360.62445840513925
355388.33269045287,111.05885396576652,65.85210360770982,0.0,360.62445840513925
355388.33269045287,111.05885396576652,65.85210360770982,0.0,360.62445840513925
392829.63675428054,122.75926148571267,85.37572181675785,0.0,360.62445840513925
422340.7382671011,131.9814807084691,78.89645904601802,0.0,360.62445840513925
370779.92599654046,115.86872687391889,90.04730184806866,0.0,360.62445840513925
406348.1041970049,126.98378256156404,82.45098390927437,0.0,360.62445840513925
402172.6386540984,125.67894957940574,83.35593339779231,0.0,360.62445840513925
482345.1126118104,150.73284769119076,83.65933731900043,0.0,360.62445840513925
488982.01686002733,152.80688026875853,85.94432244935844,0.0,360.62445840513925
483801.04547427344,151.18782671071045,83.93548187144808,0.0,360.62445840513925
484373.8019670346,151.36681311469832,83.90092602289918,0.0,360.62445840513925
482083.48310277134,150.65108846961604,83.55926608802834,0.0,360.62445840513925
436093.9651611794,136.27936411286856,79.0095973884957,0.0,360.62445840513925
436550.75614182604,136.42211129432064,79.23530060837784,0.0,360.62445840513925
451240.8995209765,141.01278110030518,66.76527286027836,0.0,360.62445840513925
444296.40382294345,138.84262619466983,65.90238397711563,0.0,360.62445840513925
445305.44519969664,139.1579516249052,49.754223748447195,32.526911934581186,360.62445840513925
445305.44519969664,139.1579516249052,49.754223748447195,32.526911934581186,360.62445840513925
440557.223164029,137.67413223875906,41.27221977074516,66.46803743153548,347.8965363437814
440557.223164029,137.67413223875906,41.27221977074516,66.46803743153548,347.8965363437814
441163.21367550583,137.86350427359557,44.78538372788936,52.32590180780452,357.7960312803931
340589.2948669996,106.43415464593738,51.51072497358864,0.0,318.1980515339464
577833.519450023,180.57297482813217,58.68912920395694,18.38477631085024,360.62445840513925
271600.4217605341,84.87513180016691,48.58349741068769,0.0,289.9137802864845
306044.300178912,95.63884380591,50.02275725076288,0.0,304.05591591021545
610726.0055904775,190.85187674702422,59.10800272288578,21.213203435596427,360.62445840513925
485310.7184521067,151.65959951628335,53.793250908553084,12.727922061357857,360.62445840513925
400064.7533393813,125.02023541855665,56.964237286552624,1.4142135623730951,360.62445840513925
400064.7533393813,125.02023541855665,56.964237286552624,1.4142135623730951,360.62445840513925
485310.7184521067,151.65959951628335,53.793250908553084,12.727922061357857,360.62445840513925
485310.7184521067,151.65959951628335,53.793250908553084,12.727922061357857,360.62445840513925
381582.3962927273,119.2444988414773,83.4071225363573,0.0,360.62445840513925
436110.9357239279,136.28466741372748,70.08120550782276,0.0,360.62445840513925
439582.1229127727,137.36941341024146,69.19925065039484,0.0,360.62445840513925
417190.8795797195,130.37214986866235,74.9482501121477,0.0,360.62445840513925
432798.140454069,135.24941889189657,70.96901944267158,0.0,360.62445840513925
498888.5828644509,155.9026821451409,74.03135598313172,16.970562748477143,360.62445840513925
505879.7476100422,158.0874211281382,76.75856079978759,8.485281374238571,360.62445840513925
503294.56521802425,157.27955163063257,76.15714108911382,8.485281374238571,360.62445840513925
503163.7504635047,157.2386720198452,76.12639277993898,15.556349186104047,360.62445840513925
500789.2858922803,156.49665184133758,74.75266295391204,8.485281374238571,360.62445840513925
497497.7038258569,155.4680324455803,74.16166639511277,16.970562748477143,360.62445840513925
490075.9110505229,153.1487222032884,72.55570368689149,15.556349186104047,360.62445840513925
447686.2737319517,139.9019605412349,65.08746422483173,0.0,360.62445840513925
444575.7110015121,138.92990968797255,66.32563399879263,0.0,360.62445840513925
439704.452385918,137.40764137059938,48.77385409180569,35.35533905932738,360.62445840513925
439704.452385918,137.40764137059938,48.77385409180569,35.35533905932738,360.62445840513925
433424.6370622002,135.44519908193757,40.87113607919772,65.05382386916237,346.4823227814083
433424.6370622002,135.44519908193757,40.87113607919772,65.05382386916237,346.4823227814083
434147.3001925729,135.67103131017902,43.888329678656284,50.91168824543143,357.7960312803931
537857.2375756414,168.08038674238793,56.03001984453778,21.213203435596427,360.62445840513925
603854.3418909068,188.7044818409084,57.1060439174725,25.455844122715714,360.62445840513925
265995.1863060683,83.12349572064635,46.407432289232375,0.0,289.9137802864845
570989.4329149183,178.43419778591198,56.604359079032484,22.627416997969522,360.62445840513925
603854.3418909068,188.7044818409084,57.1060439174725,25.455844122715714,360.62445840513925
364143.7288551047,113.79491526722022,55.807399626538526,0.0,360.62445840513925
393518.35875915625,122.97448711223633,54.781638011585805,1.4142135623730951,360.62445840513925
479098.07827260176,149.71814946018804,51.64005473919249,21.213203435596427,360.62445840513925
504566.6503173788,157.6770782241809,49.70022104010753,25.455844122715714,360.62445840513925
393518.35875915625,122.97448711223633,54.781638011585805,1.4142135623730951,360.62445840513925
387855.1405486332,121.20473142144787,76.58226348871315,0.0,360.62445840513925
413757.1690502777,129.29911532821177,70.64781397249172,0.0,360.62445840513925
420705.90738899785,131.47059605906182,69.0042086352347,0.0,360.62445840513925
379062.2677245785,118.45695866393078,78.49976138716472,0.0,360.62445840513925
382368.6990334068,119.49021844793963,77.7761855519649,0.0,360.62445840513925
497402.9515171779,155.4384223491181,74.65536640200213,15.556349186104047,360.62445840513925
492754.4315376575,153.98575985551798,73.99094420413049,15.556349186104047,360.62445840513925
490927.9747218527,153.41499210057896,73.15433201478432,15.556349186104047,360.62445840513925
503025.15753439214,157.19536172949753,75.50455884900211,8.485281374238571,360.62445840513925
504927.27477578394,157.78977336743247,76.47994885526727,8.485281374238571,360.62445840513925
497622.86172612687,155.50714428941464,73.45091332788975,8.485281374238571,360.62445840513925
451728.80319999525,141.1652509999985,68.25146429826559,0.0,360.62445840513925
456510.25925437873,142.65945601699335,70.54964840582515,0.0,360.62445840513925
370957.4097986183,115.92419056206822,57.71154032149287,0.0,360.62445840513925
445529.59804933274,139.22799939041647,49.42005980107863,31.112698372208094,360.62445840513925
445529.59804933274,139.22799939041647,49.42005980107863,31.112698372208094,360.62445840513925
441079.7750753258,137.8374297110393,41.04896468736206,65.05382386916237,349.3107499061545
441079.7750753258,137.8374297110393,41.04896468736206,65.05382386916237,349.3107499061545
441685.05848002154,138.02658077500672,44.487670688748665,52.32590180780452,357.7960312803931
578507.3922124938,180.7835600664043,58.741607408776254,18.38477631085024,360.62445840513925
340996.5883729631,106.56143386655096,51.486219635011935,0.0,318.1980515339464
545462.1710073028,170.45692843978213,58.3274639160233,15.556349186104047,360.62445840513925
545462.1710073028,170.45692843978213,58.3274639160233,15.556349186104047,360.62445840513925
400431.74175881717,125.13491929963037,56.82152241338664,1.4142135623730951,360.62445840513925
400431.74175881717,125.13491929963037,56.82152241338664,1.4142135623730951,360.62445840513925
400431.74175881717,125.13491929963037,56.82152241338664,1.4142135623730951,360.62445840513925
485933.67952633207,151.85427485197877,53.87407037879807,14.142135623730951,360.62445840513925
411406.74610961357,128.56460815925425,76.71384611077339,0.0,360.62445840513925
439208.77053230617,137.25274079134567,69.6740288881996,0.0,360.62445840513925
431288.4674762357,134.77764608632367,71.71721282530218,0.0,360.62445840513925
428011.73465221724,133.7536670788179,72.56884433397538,0.0,360.62445840513925
502664.533075987,157.08266658624595,74.93787895253172,8.485281374238571,360.62445840513925
503779.64046991814,157.4311376468494,75.72832420381921,8.485281374238571,360.62445840513925
